config,Total Cycles,Stall Cycles,Overall Util %,Mapping Efficiency %,Compute Util %
256_256_is,332923.0,0.0,8.177094846948238,48.20709591820126,6.498326960334292
