config,Avg IFMAP SRAM BW,Avg FILTER SRAM BW,Avg OFMAP SRAM BW,Avg IFMAP DRAM BW,Avg FILTER DRAM BW,Avg OFMAP DRAM BW
32_32_os,24.890660451388833,28.53584829623998,1.726236674391078,8.902855704520116,25.734573540321556,8.203661128729797
