config,Total Cycles,Stall Cycles,Overall Util %,Mapping Efficiency %,Compute Util %
256_256_os,1580209.0,0.0,12.4432229888737,26.21744867793871,12.441849301390613
