LayerID, Total Cycles, Stall Cycles, Overall Util %, Mapping Efficiency %, Compute Util %,
0, 509859, 0, 0.14422702986266792, 3.1249128513832227, 0.14422674698691798,
1, 127984, 0, 4.6149079181772725, 99.9888902996445, 4.614871859983592,
2, 3033429, 0, 3.005328293492282, 3.1241603976356798, 3.005327302756286,
3, 6066859, 0, 96.17048953997447, 99.97313272434175, 96.17047368820116,
4, 3025307, 0, 98.01596994949604, 99.95375264270614, 98.01593755082126,
5, 5666855, 0, 97.95754435220242, 99.89418735891647, 97.9575270661545,
6, 2805961, 0, 3.091137938125298, 3.1216933549661396, 3.0911368364931526,
7, 371639, 0, 67.26958150247955, 99.8530163599182, 67.26940049510279,
8, 715741, 0, 3.0807233342787406, 3.1111725663716814, 3.080719030041551,
9, 5371231, 0, 98.20378233593007, 99.1745283018868, 98.20376405264193,
10, 1336235, 0, 3.083963524380068, 3.0992040094339623, 3.083961216431828,
11, 1336235, 0, 3.083963524380068, 3.0992040094339623, 3.083961216431828,
12, 11129, 0, 2.44631143858388, 3.0385044642857144, 2.4460916442048517,
13, 162815, 0, 80.50363909959157, 100.0, 80.50314465408806,
14, 18367, 0, 2.787608210377307, 3.125, 2.7874564459930316,
15, 553299, 0, 2.9933182601089103, 3.000710227272727, 2.9933128501716975,
16, 293887, 0, 89.19890978505344, 100.0, 89.19860627177701,
17, 18367, 0, 2.787608210377307, 3.125, 2.7874564459930316,
18, 18367, 0, 2.787608210377307, 3.125, 2.7874564459930316,
19, 293887, 0, 89.19890978505344, 100.0, 89.19860627177701,
20, 553299, 0, 2.9933182601089103, 3.000710227272727, 2.9933128501716975,
21, 18367, 0, 2.787608210377307, 3.125, 2.7874564459930316,
22, 553299, 0, 2.9933182601089103, 3.000710227272727, 2.9933128501716975,
23, 293887, 0, 89.19890978505344, 100.0, 89.19860627177701,
24, 176049, 0, 2.7276496884390142, 2.734375, 2.7276341948310137,
25, 146943, 0, 89.19921330039539, 100.0, 89.19860627177701,
26, 100475, 0, 1.7556606120925604, 1.7578125, 1.7556431386599785,
27, 200951, 0, 2.4384053824066565, 2.44140625, 2.438393248138859,
28, 50237, 0, 0.39015068574954714, 0.390625, 0.39014291970221743,
