config,Avg IFMAP SRAM BW,Avg FILTER SRAM BW,Avg OFMAP SRAM BW,Avg IFMAP DRAM BW,Avg FILTER DRAM BW,Avg OFMAP DRAM BW
128_128_os,58.26202310946766,32.50506429448493,12.243400148500953,45.83758871474865,28.037940194280196,55.17938890779865
