config,Total Cycles,Stall Cycles,Overall Util %,Mapping Efficiency %,Compute Util %
128_128_os,334435.0,0.0,18.153987788183013,36.6212966797813,18.151145687182275
