config,Avg IFMAP SRAM BW,Avg FILTER SRAM BW,Avg OFMAP SRAM BW,Avg IFMAP DRAM BW,Avg FILTER DRAM BW,Avg OFMAP DRAM BW
256_256_ws,64.07544778695134,23.794945619561002,33.47505692004225,49.746184745666326,24.07153866010468,149.67184372036823
