config,Total Cycles,Stall Cycles,Overall Util %,Mapping Efficiency %,Compute Util %
128_128_os,2152073.0,0.0,19.643354815541297,32.15074223456461,19.642660525538485
