config,Avg IFMAP SRAM BW,Avg FILTER SRAM BW,Avg OFMAP SRAM BW,Avg IFMAP DRAM BW,Avg FILTER DRAM BW,Avg OFMAP DRAM BW
256_256_ws,69.4573371220541,42.77871007482348,41.25815709599291,42.882116555559115,37.47282346404487,69.41628517156119
