config,Total Cycles,Stall Cycles,Overall Util %,Mapping Efficiency %,Compute Util %
128_128_ws,1653885.0,0.0,24.080250635794112,30.558282260237068,22.840018424305402
