config,Avg IFMAP SRAM BW,Avg FILTER SRAM BW,Avg OFMAP SRAM BW,Avg IFMAP DRAM BW,Avg FILTER DRAM BW,Avg OFMAP DRAM BW
16_16_os,13.592478427829612,7.417333615678069,0.8127725046043197,9.340386844347027,6.3275342569637205,8.026761236900503
