config,Total Cycles,Stall Cycles,Overall Util %,Mapping Efficiency %,Compute Util %
16_16_os,3682863.0,0.0,43.32129875488517,51.66885189346135,43.321004112892844
