config,Total Cycles,Stall Cycles,Overall Util %,Mapping Efficiency %,Compute Util %
128_128_is,4550419.0,0.0,14.335141101949356,83.33008314283418,12.38146376550663
