config,Total Cycles,Stall Cycles,Overall Util %,Mapping Efficiency %,Compute Util %
16_16_is,5573227.0,0.0,40.77198012600296,93.61758471133605,38.76527135380562
