config,Total Cycles,Stall Cycles,Overall Util %,Mapping Efficiency %,Compute Util %
16_16_ws,26272140.0,0.0,37.23134074352124,38.833512931034484,36.81526550759093
