config,Total Cycles,Stall Cycles,Overall Util %,Mapping Efficiency %,Compute Util %
12_12_ws,13714819.0,0.0,73.22748908517345,94.61213566720461,70.25793559739937
