config,Avg IFMAP SRAM BW,Avg FILTER SRAM BW,Avg OFMAP SRAM BW,Avg IFMAP DRAM BW,Avg FILTER DRAM BW,Avg OFMAP DRAM BW
32_32_is,3.520047589132752,20.832411873126976,17.60712056305194,2.0333024054551263,19.68728630397102,19.323393627295992
