config,Total Cycles,Stall Cycles,Overall Util %,Mapping Efficiency %,Compute Util %
12_12_is,8473737.0,0.0,42.1199322877098,93.45547123162922,40.369357603872906
