config,Avg IFMAP SRAM BW,Avg FILTER SRAM BW,Avg OFMAP SRAM BW,Avg IFMAP DRAM BW,Avg FILTER DRAM BW,Avg OFMAP DRAM BW
12_12_is,2.174231756200796,5.323762670850261,5.246631920303101,1.1999345386897426,9.738211747398177,5.7938647675992945
