config,Total Cycles,Stall Cycles,Overall Util %,Mapping Efficiency %,Compute Util %
128_128_is,595543.0,0.0,17.88692701954889,61.15796709085165,14.771381231235228
