config,Avg IFMAP SRAM BW,Avg FILTER SRAM BW,Avg OFMAP SRAM BW,Avg IFMAP DRAM BW,Avg FILTER DRAM BW,Avg OFMAP DRAM BW
128_128_is,18.56203626678811,44.481381637898984,24.464390102882405,10.977284203108164,38.394067179194444,33.09257429679946
