config,Total Cycles,Stall Cycles,Overall Util %,Mapping Efficiency %,Compute Util %
64_64_is,8157016.0,0.0,19.63915144092217,88.25353128380739,17.565316849240393
