config,Avg IFMAP SRAM BW,Avg FILTER SRAM BW,Avg OFMAP SRAM BW,Avg IFMAP DRAM BW,Avg FILTER DRAM BW,Avg OFMAP DRAM BW
64_64_os,39.42882166532512,21.025063680801196,5.535744080059397,30.775597165775363,18.875443440747212,30.310996397041816
