config,Total Cycles,Stall Cycles,Overall Util %,Mapping Efficiency %,Compute Util %
64_64_ws,910115.0,0.0,55.365494726702146,98.77232142857143,51.29300080776325
