config,Total Cycles,Stall Cycles,Overall Util %,Mapping Efficiency %,Compute Util %
256_256_is,3014159.0,0.0,9.245881149049316,76.31881497060142,7.701929659687425
