config,Total Cycles,Stall Cycles,Overall Util %,Mapping Efficiency %,Compute Util %
64_64_is,1146690.0,0.0,25.072036145959515,78.30351366893129,22.632143221599197
