config,Avg IFMAP SRAM BW,Avg FILTER SRAM BW,Avg OFMAP SRAM BW,Avg IFMAP DRAM BW,Avg FILTER DRAM BW,Avg OFMAP DRAM BW
64_64_is,11.476249504744564,19.605043188344368,16.54350878892534,9.446223330864255,21.378526283250626,38.075451807494545
