config,Total Cycles,Stall Cycles,Overall Util %,Mapping Efficiency %,Compute Util %
64_64_is,1165349.0,0.0,35.70706544807866,77.7765028510619,30.907747601353186
