config,Avg IFMAP SRAM BW,Avg FILTER SRAM BW,Avg OFMAP SRAM BW,Avg IFMAP DRAM BW,Avg FILTER DRAM BW,Avg OFMAP DRAM BW
64_64_is,9.070366239436352,32.216829280635146,23.031612579678644,4.541018725005015,28.823033618357137,27.084758000944163
