config,Avg IFMAP SRAM BW,Avg FILTER SRAM BW,Avg OFMAP SRAM BW,Avg IFMAP DRAM BW,Avg FILTER DRAM BW,Avg OFMAP DRAM BW
32_32_os,23.87283123423023,12.793304077078458,2.2801344760492315,17.49655193537857,8.490896611372236,15.764215874357582
