config,Avg IFMAP SRAM BW,Avg FILTER SRAM BW,Avg OFMAP SRAM BW,Avg IFMAP DRAM BW,Avg FILTER DRAM BW,Avg OFMAP DRAM BW
256_256_is,38.282395112855426,38.51478550266994,26.944821310186914,33.413298020875814,31.874714012640432,140.81943370685394
