config,Avg IFMAP SRAM BW,Avg FILTER SRAM BW,Avg OFMAP SRAM BW,Avg IFMAP DRAM BW,Avg FILTER DRAM BW,Avg OFMAP DRAM BW
256_256_os,88.57432364893057,45.14641566533308,23.571006814408914,65.0937651904133,32.96914671597821,109.70654710020062
