config,Total Cycles,Stall Cycles,Overall Util %,Mapping Efficiency %,Compute Util %
128_128_is,674195.0,0.0,16.05331598414137,64.61318261434586,13.89972568729377
