config,Avg IFMAP SRAM BW,Avg FILTER SRAM BW,Avg OFMAP SRAM BW,Avg IFMAP DRAM BW,Avg FILTER DRAM BW,Avg OFMAP DRAM BW
128_128_is,20.829822229671503,29.19330954801646,21.934973075447672,17.87143551487875,27.765509365794372,74.05852637418468
