config,Total Cycles,Stall Cycles,Overall Util %,Mapping Efficiency %,Compute Util %
32_32_ws,1433453.0,0.0,39.16497627445154,52.77777777777778,36.883461034148105
