config,Total Cycles,Stall Cycles,Overall Util %,Mapping Efficiency %,Compute Util %
12_12_ws,46322842.0,0.0,37.32317440063265,38.66379905447663,36.97991463726406
