config,Avg IFMAP SRAM BW,Avg FILTER SRAM BW,Avg OFMAP SRAM BW,Avg IFMAP DRAM BW,Avg FILTER DRAM BW,Avg OFMAP DRAM BW
32_32_ws,21.025605207093975,3.6820141252336973,21.14808537922217,18.96167555303185,4.583510498094071,22.87589657896834
