config,Total Cycles,Stall Cycles,Overall Util %,Mapping Efficiency %,Compute Util %
32_32_ws,2519815.0,0.0,65.70384143598487,99.5014880952381,61.89161488913388
