config,Total Cycles,Stall Cycles,Overall Util %,Mapping Efficiency %,Compute Util %
32_32_is,2314306.0,0.0,33.94035401656282,88.64919517051129,31.533106309282243
