config,Avg IFMAP SRAM BW,Avg FILTER SRAM BW,Avg OFMAP SRAM BW,Avg IFMAP DRAM BW,Avg FILTER DRAM BW,Avg OFMAP DRAM BW
128_128_ws,52.30832280452809,21.964528744276397,45.753413454952025,35.4432778702563,20.27538117199448,56.63048915935666
