config,Total Cycles,Stall Cycles,Overall Util %,Mapping Efficiency %,Compute Util %
12_12_os,5943179.0,0.0,45.58675336512926,51.901735996102225,45.58653659837958
