config,Avg IFMAP SRAM BW,Avg FILTER SRAM BW,Avg OFMAP SRAM BW,Avg IFMAP DRAM BW,Avg FILTER DRAM BW,Avg OFMAP DRAM BW
12_12_os,10.61149630323478,5.754021258031148,0.4952626028895925,7.60675260186788,6.167998616922414,6.0011848897886315
