config,Total Cycles,Stall Cycles,Overall Util %,Mapping Efficiency %,Compute Util %
12_12_ws,6183209.0,0.0,44.80610685759185,52.13735708444529,43.208161429490204
