config,Total Cycles,Stall Cycles,Overall Util %,Mapping Efficiency %,Compute Util %
18_is,2838997.0,0.0,54.8658921437927,87.17703854704949,49.62433499401968
