config,Total Cycles,Stall Cycles,Overall Util %,Mapping Efficiency %,Compute Util %
32_32_is,17319471.0,0.0,24.754752033610327,91.07414109519762,22.79194878951111
