config,Avg IFMAP SRAM BW,Avg FILTER SRAM BW,Avg OFMAP SRAM BW,Avg IFMAP DRAM BW,Avg FILTER DRAM BW,Avg OFMAP DRAM BW
128_128_ws,51.96827025948486,10.512121060562778,29.225641420314787,41.97134014884249,14.5314987429138,82.42788939730592
