config,Avg IFMAP SRAM BW,Avg FILTER SRAM BW,Avg OFMAP SRAM BW,Avg IFMAP DRAM BW,Avg FILTER DRAM BW,Avg OFMAP DRAM BW
16_16_ws,12.867846301001824,0.5019114679155505,7.334508664053159,12.48970172272362,6.137601698004385,8.747338656951968
