config,Total Cycles,Stall Cycles,Overall Util %,Mapping Efficiency %,Compute Util %
16_16_ws,3799529.0,0.0,45.26407840295766,54.282407407407405,43.41538974024271
