config,Total Cycles,Stall Cycles,Overall Util %,Mapping Efficiency %,Compute Util %
12_12_is,14165393.0,0.0,71.40072703060292,88.26795856338022,67.6023473025494
