config,Avg IFMAP SRAM BW,Avg FILTER SRAM BW,Avg OFMAP SRAM BW,Avg IFMAP DRAM BW,Avg FILTER DRAM BW,Avg OFMAP DRAM BW
12_12_is,0.7143896147618363,9.769957327417776,8.668997853198949,1.0309310094501292,9.932861537090838,8.742936279667294
