config,Total Cycles,Stall Cycles,Overall Util %,Mapping Efficiency %,Compute Util %
12_12_os,11972697.0,0.0,81.0449548093671,85.12329052795204,81.04467294923441
