config,Avg IFMAP SRAM BW,Avg FILTER SRAM BW,Avg OFMAP SRAM BW,Avg IFMAP DRAM BW,Avg FILTER DRAM BW,Avg OFMAP DRAM BW
12_12_os,10.20393983338183,10.959541011477432,0.3170439993070587,3.934146520188568,5.68383018698141,2.631030137596239
