config,Total Cycles,Stall Cycles,Overall Util %,Mapping Efficiency %,Compute Util %
16_16_os,6359601.0,0.0,84.7245370931054,90.34867698376176,84.72402656614493
