config,Total Cycles,Stall Cycles,Overall Util %,Mapping Efficiency %,Compute Util %
128_128_os,262370.0,0.0,38.64750976020605,55.91029938841062,38.64197687145651
