config,Avg IFMAP SRAM BW,Avg FILTER SRAM BW,Avg OFMAP SRAM BW,Avg IFMAP DRAM BW,Avg FILTER DRAM BW,Avg OFMAP DRAM BW
128_128_os,58.961156958304564,83.39215213474841,11.417147824972782,26.220725306370134,68.80545307650273,41.25580580644359
